config_name,model_name,backend,data_type,attn_mask,batch_size,q_seqlen,kv_seqlen,num_q_heads,num_kv_heads,head_dim_qk,head_dim_vo,profile_pass,deterministic_bwd,fwd_time_ms,bwd_time_ms,fwd_tflops,bwd_tflops,max_diff,num_iterations,sliding_window_size,success,error_message,gpu_name,cudnn_version,cudnn_backend_version
gpt_oss,gpt_oss,cudnn,bfloat16,top_left,2,32768,32768,64,8,64,64,both,False,3.018,9.053,359.000,299.000,0.000,10,1024,True,,NVIDIA H200,1.19.0,92100.000
gpt_oss,gpt_oss,cudnn,fp8,top_left,2,32768,32768,64,8,64,64,both,False,inf,inf,0.000,0.000,0.000,10,1024,False,"Benchmark failed with return code 1.
stderr: Traceback (most recent call last):
  File ""/workspace/cudnn_frontend/benchmark/sdpa_benchmark_training/benchmark_single_sdpa.py"", line 731, in <module>
    graph_bwd.validate()
cudnn._compiled_module.cudnnGraphNotSupportedError: hidden_dim shoud be equal to 128 and hidden_dim should be multiple of 16

stdout: ",,,
gpt_oss,gpt_oss,flash_attention_4,bfloat16,top_left,2,32768,32768,64,8,64,64,both,False,inf,inf,0.000,0.000,0.000,10,1024,False,"Benchmark failed with return code 1.
stderr: /usr/local/lib/python3.12/dist-packages/torch/library.py:356: UserWarning: Warning only once for all operators,  other operators may also be overridden.
  Overriding a previously registered kernel for the same operator and the same dispatch key
  operator: flash_attn::_flash_attn_backward(Tensor dout, Tensor q, Tensor k, Tensor v, Tensor out, Tensor softmax_lse, Tensor(a6!)? dq, Tensor(a7!)? dk, Tensor(a8!)? dv, float dropout_p, float softmax_scale, bool causal, SymInt window_size_left, SymInt window_size_right, float softcap, Tensor? alibi_slopes, bool deterministic, Tensor? rng_state=None) -> Tensor
    registered at /usr/local/lib/python3.12/dist-packages/torch/_library/custom_ops.py:922
  dispatch key: ADInplaceOrView
  previous kernel: no debug info
       new kernel: registered at /usr/local/lib/python3.12/dist-packages/torch/_library/custom_ops.py:922 (Triggered internally at /opt/pytorch/pytorch/aten/src/ATen/core/dispatch/OperatorEntry.cpp:208.)
  self.m.impl(
Traceback (most recent call last):
  File ""/workspace/cudnn_frontend/benchmark/sdpa_benchmark_training/benchmark_single_sdpa.py"", line 1268, in <module>
    output.backward(dOutput)
  File ""/usr/local/lib/python3.12/dist-packages/torch/_tensor.py"", line 629, in backward
    torch.autograd.backward(
  File ""/usr/local/lib/python3.12/dist-packages/torch/autograd/__init__.py"", line 364, in backward
    _engine_run_backward(
  File ""/usr/local/lib/python3.12/dist-packages/torch/autograd/graph.py"", line 865, in _engine_run_backward
    return Variable._execution_engine.run_backward(  # Calls into the C++ engine to run the backward pass
           ^^^^^^^^^^^^^^^^^^^^^^^^^^^^^^^^^^^^^^^^^^^^^^^^^^^^^^^^^^^^^^^^^^^^^^^^^^^^^^^^^^^^^^^^^^^^^^
  File ""/usr/local/lib/python3.12/dist-packages/torch/autograd/function.py"", line 317, in apply
    return user_fn(self, *args)
           ^^^^^^^^^^^^^^^^^^^^
  File ""/workspace/flash-attention/flash_attn/cute/interface.py"", line 1335, in backward
    dq, dk, dv = _flash_attn_bwd(
                 ^^^^^^^^^^^^^^^^
  File ""/workspace/flash-attention/flash_attn/cute/interface.py"", line 614, in _flash_attn_bwd
    assert window_size_left is None and window_size_right is None, ""local not supported yet on 9.x""
           ^^^^^^^^^^^^^^^^^^^^^^^^^^^^^^^^^^^^^^^^^^^^^^^^^^^^^^
AssertionError: local not supported yet on 9.x

stdout: ",,,
gpt_oss,gpt_oss,flash_attention_4,fp8,top_left,2,32768,32768,64,8,64,64,both,False,inf,inf,0.000,0.000,0.000,10,1024,False,"Benchmark failed with return code 1.
stderr: /usr/local/lib/python3.12/dist-packages/torch/library.py:356: UserWarning: Warning only once for all operators,  other operators may also be overridden.
  Overriding a previously registered kernel for the same operator and the same dispatch key
  operator: flash_attn::_flash_attn_backward(Tensor dout, Tensor q, Tensor k, Tensor v, Tensor out, Tensor softmax_lse, Tensor(a6!)? dq, Tensor(a7!)? dk, Tensor(a8!)? dv, float dropout_p, float softmax_scale, bool causal, SymInt window_size_left, SymInt window_size_right, float softcap, Tensor? alibi_slopes, bool deterministic, Tensor? rng_state=None) -> Tensor
    registered at /usr/local/lib/python3.12/dist-packages/torch/_library/custom_ops.py:922
  dispatch key: ADInplaceOrView
  previous kernel: no debug info
       new kernel: registered at /usr/local/lib/python3.12/dist-packages/torch/_library/custom_ops.py:922 (Triggered internally at /opt/pytorch/pytorch/aten/src/ATen/core/dispatch/OperatorEntry.cpp:208.)
  self.m.impl(
Traceback (most recent call last):
  File ""/workspace/cudnn_frontend/benchmark/sdpa_benchmark_training/benchmark_single_sdpa.py"", line 1224, in <module>
    output = sdpa_function(query, key, value)
             ^^^^^^^^^^^^^^^^^^^^^^^^^^^^^^^^
  File ""/workspace/cudnn_frontend/benchmark/sdpa_benchmark_training/benchmark_single_sdpa.py"", line 891, in flash_attention_4_sdpa
    output, _ = flash_attn_interface.flash_attn_func(query, key, value, causal=args.attn_mask != ""no_mask"", window_size=window_size)
                ^^^^^^^^^^^^^^^^^^^^^^^^^^^^^^^^^^^^^^^^^^^^^^^^^^^^^^^^^^^^^^^^^^^^^^^^^^^^^^^^^^^^^^^^^^^^^^^^^^^^^^^^^^^^^^^^^^^^
  File ""/workspace/flash-attention/flash_attn/cute/interface.py"", line 1462, in flash_attn_func
    return FlashAttnFunc.apply(
           ^^^^^^^^^^^^^^^^^^^^
  File ""/usr/local/lib/python3.12/dist-packages/torch/autograd/function.py"", line 583, in apply
    return super().apply(*args, **kwargs)  # type: ignore[misc]
           ^^^^^^^^^^^^^^^^^^^^^^^^^^^^^^
  File ""/workspace/flash-attention/flash_attn/cute/interface.py"", line 1305, in forward
    out, lse = _flash_attn_fwd(
               ^^^^^^^^^^^^^^^^
  File ""/workspace/flash-attention/flash_attn/cute/interface.py"", line 188, in _flash_attn_fwd
    assert q.dtype in [torch.float16, torch.bfloat16], ""inputs must be float16 or bfloat16""
           ^^^^^^^^^^^^^^^^^^^^^^^^^^^^^^^^^^^^^^^^^^
AssertionError: inputs must be float16 or bfloat16

stdout: ",,,
gpt_oss,gpt_oss,cudnn,bfloat16,top_left,2,16384,16384,64,8,64,64,both,False,1.500,4.387,355.000,303.000,0.000,10,1024,True,,NVIDIA H200,1.19.0,92100.000
gpt_oss,gpt_oss,cudnn,fp8,top_left,2,16384,16384,64,8,64,64,both,False,inf,inf,0.000,0.000,0.000,10,1024,False,"Benchmark failed with return code 1.
stderr: Traceback (most recent call last):
  File ""/workspace/cudnn_frontend/benchmark/sdpa_benchmark_training/benchmark_single_sdpa.py"", line 731, in <module>
    graph_bwd.validate()
cudnn._compiled_module.cudnnGraphNotSupportedError: hidden_dim shoud be equal to 128 and hidden_dim should be multiple of 16

stdout: ",,,
gpt_oss,gpt_oss,flash_attention_4,bfloat16,top_left,2,16384,16384,64,8,64,64,both,False,inf,inf,0.000,0.000,0.000,10,1024,False,"Benchmark failed with return code 1.
stderr: /usr/local/lib/python3.12/dist-packages/torch/library.py:356: UserWarning: Warning only once for all operators,  other operators may also be overridden.
  Overriding a previously registered kernel for the same operator and the same dispatch key
  operator: flash_attn::_flash_attn_backward(Tensor dout, Tensor q, Tensor k, Tensor v, Tensor out, Tensor softmax_lse, Tensor(a6!)? dq, Tensor(a7!)? dk, Tensor(a8!)? dv, float dropout_p, float softmax_scale, bool causal, SymInt window_size_left, SymInt window_size_right, float softcap, Tensor? alibi_slopes, bool deterministic, Tensor? rng_state=None) -> Tensor
    registered at /usr/local/lib/python3.12/dist-packages/torch/_library/custom_ops.py:922
  dispatch key: ADInplaceOrView
  previous kernel: no debug info
       new kernel: registered at /usr/local/lib/python3.12/dist-packages/torch/_library/custom_ops.py:922 (Triggered internally at /opt/pytorch/pytorch/aten/src/ATen/core/dispatch/OperatorEntry.cpp:208.)
  self.m.impl(
Traceback (most recent call last):
  File ""/workspace/cudnn_frontend/benchmark/sdpa_benchmark_training/benchmark_single_sdpa.py"", line 1268, in <module>
    output.backward(dOutput)
  File ""/usr/local/lib/python3.12/dist-packages/torch/_tensor.py"", line 629, in backward
    torch.autograd.backward(
  File ""/usr/local/lib/python3.12/dist-packages/torch/autograd/__init__.py"", line 364, in backward
    _engine_run_backward(
  File ""/usr/local/lib/python3.12/dist-packages/torch/autograd/graph.py"", line 865, in _engine_run_backward
    return Variable._execution_engine.run_backward(  # Calls into the C++ engine to run the backward pass
           ^^^^^^^^^^^^^^^^^^^^^^^^^^^^^^^^^^^^^^^^^^^^^^^^^^^^^^^^^^^^^^^^^^^^^^^^^^^^^^^^^^^^^^^^^^^^^^
  File ""/usr/local/lib/python3.12/dist-packages/torch/autograd/function.py"", line 317, in apply
    return user_fn(self, *args)
           ^^^^^^^^^^^^^^^^^^^^
  File ""/workspace/flash-attention/flash_attn/cute/interface.py"", line 1335, in backward
    dq, dk, dv = _flash_attn_bwd(
                 ^^^^^^^^^^^^^^^^
  File ""/workspace/flash-attention/flash_attn/cute/interface.py"", line 614, in _flash_attn_bwd
    assert window_size_left is None and window_size_right is None, ""local not supported yet on 9.x""
           ^^^^^^^^^^^^^^^^^^^^^^^^^^^^^^^^^^^^^^^^^^^^^^^^^^^^^^
AssertionError: local not supported yet on 9.x

stdout: ",,,
gpt_oss,gpt_oss,flash_attention_4,fp8,top_left,2,16384,16384,64,8,64,64,both,False,inf,inf,0.000,0.000,0.000,10,1024,False,"Benchmark failed with return code 1.
stderr: /usr/local/lib/python3.12/dist-packages/torch/library.py:356: UserWarning: Warning only once for all operators,  other operators may also be overridden.
  Overriding a previously registered kernel for the same operator and the same dispatch key
  operator: flash_attn::_flash_attn_backward(Tensor dout, Tensor q, Tensor k, Tensor v, Tensor out, Tensor softmax_lse, Tensor(a6!)? dq, Tensor(a7!)? dk, Tensor(a8!)? dv, float dropout_p, float softmax_scale, bool causal, SymInt window_size_left, SymInt window_size_right, float softcap, Tensor? alibi_slopes, bool deterministic, Tensor? rng_state=None) -> Tensor
    registered at /usr/local/lib/python3.12/dist-packages/torch/_library/custom_ops.py:922
  dispatch key: ADInplaceOrView
  previous kernel: no debug info
       new kernel: registered at /usr/local/lib/python3.12/dist-packages/torch/_library/custom_ops.py:922 (Triggered internally at /opt/pytorch/pytorch/aten/src/ATen/core/dispatch/OperatorEntry.cpp:208.)
  self.m.impl(
Traceback (most recent call last):
  File ""/workspace/cudnn_frontend/benchmark/sdpa_benchmark_training/benchmark_single_sdpa.py"", line 1224, in <module>
    output = sdpa_function(query, key, value)
             ^^^^^^^^^^^^^^^^^^^^^^^^^^^^^^^^
  File ""/workspace/cudnn_frontend/benchmark/sdpa_benchmark_training/benchmark_single_sdpa.py"", line 891, in flash_attention_4_sdpa
    output, _ = flash_attn_interface.flash_attn_func(query, key, value, causal=args.attn_mask != ""no_mask"", window_size=window_size)
                ^^^^^^^^^^^^^^^^^^^^^^^^^^^^^^^^^^^^^^^^^^^^^^^^^^^^^^^^^^^^^^^^^^^^^^^^^^^^^^^^^^^^^^^^^^^^^^^^^^^^^^^^^^^^^^^^^^^^
  File ""/workspace/flash-attention/flash_attn/cute/interface.py"", line 1462, in flash_attn_func
    return FlashAttnFunc.apply(
           ^^^^^^^^^^^^^^^^^^^^
  File ""/usr/local/lib/python3.12/dist-packages/torch/autograd/function.py"", line 583, in apply
    return super().apply(*args, **kwargs)  # type: ignore[misc]
           ^^^^^^^^^^^^^^^^^^^^^^^^^^^^^^
  File ""/workspace/flash-attention/flash_attn/cute/interface.py"", line 1305, in forward
    out, lse = _flash_attn_fwd(
               ^^^^^^^^^^^^^^^^
  File ""/workspace/flash-attention/flash_attn/cute/interface.py"", line 188, in _flash_attn_fwd
    assert q.dtype in [torch.float16, torch.bfloat16], ""inputs must be float16 or bfloat16""
           ^^^^^^^^^^^^^^^^^^^^^^^^^^^^^^^^^^^^^^^^^^
AssertionError: inputs must be float16 or bfloat16

stdout: ",,,
gpt_oss,gpt_oss,cudnn,bfloat16,top_left,2,8192,8192,64,8,64,64,both,False,0.739,2.149,349.000,300.000,0.000,10,1024,True,,NVIDIA H200,1.19.0,92100.000
gpt_oss,gpt_oss,cudnn,fp8,top_left,2,8192,8192,64,8,64,64,both,False,inf,inf,0.000,0.000,0.000,10,1024,False,"Benchmark failed with return code 1.
stderr: Traceback (most recent call last):
  File ""/workspace/cudnn_frontend/benchmark/sdpa_benchmark_training/benchmark_single_sdpa.py"", line 731, in <module>
    graph_bwd.validate()
cudnn._compiled_module.cudnnGraphNotSupportedError: hidden_dim shoud be equal to 128 and hidden_dim should be multiple of 16

stdout: ",,,
gpt_oss,gpt_oss,flash_attention_4,bfloat16,top_left,2,8192,8192,64,8,64,64,both,False,inf,inf,0.000,0.000,0.000,10,1024,False,"Benchmark failed with return code 1.
stderr: /usr/local/lib/python3.12/dist-packages/torch/library.py:356: UserWarning: Warning only once for all operators,  other operators may also be overridden.
  Overriding a previously registered kernel for the same operator and the same dispatch key
  operator: flash_attn::_flash_attn_backward(Tensor dout, Tensor q, Tensor k, Tensor v, Tensor out, Tensor softmax_lse, Tensor(a6!)? dq, Tensor(a7!)? dk, Tensor(a8!)? dv, float dropout_p, float softmax_scale, bool causal, SymInt window_size_left, SymInt window_size_right, float softcap, Tensor? alibi_slopes, bool deterministic, Tensor? rng_state=None) -> Tensor
    registered at /usr/local/lib/python3.12/dist-packages/torch/_library/custom_ops.py:922
  dispatch key: ADInplaceOrView
  previous kernel: no debug info
       new kernel: registered at /usr/local/lib/python3.12/dist-packages/torch/_library/custom_ops.py:922 (Triggered internally at /opt/pytorch/pytorch/aten/src/ATen/core/dispatch/OperatorEntry.cpp:208.)
  self.m.impl(
Traceback (most recent call last):
  File ""/workspace/cudnn_frontend/benchmark/sdpa_benchmark_training/benchmark_single_sdpa.py"", line 1268, in <module>
    output.backward(dOutput)
  File ""/usr/local/lib/python3.12/dist-packages/torch/_tensor.py"", line 629, in backward
    torch.autograd.backward(
  File ""/usr/local/lib/python3.12/dist-packages/torch/autograd/__init__.py"", line 364, in backward
    _engine_run_backward(
  File ""/usr/local/lib/python3.12/dist-packages/torch/autograd/graph.py"", line 865, in _engine_run_backward
    return Variable._execution_engine.run_backward(  # Calls into the C++ engine to run the backward pass
           ^^^^^^^^^^^^^^^^^^^^^^^^^^^^^^^^^^^^^^^^^^^^^^^^^^^^^^^^^^^^^^^^^^^^^^^^^^^^^^^^^^^^^^^^^^^^^^
  File ""/usr/local/lib/python3.12/dist-packages/torch/autograd/function.py"", line 317, in apply
    return user_fn(self, *args)
           ^^^^^^^^^^^^^^^^^^^^
  File ""/workspace/flash-attention/flash_attn/cute/interface.py"", line 1335, in backward
    dq, dk, dv = _flash_attn_bwd(
                 ^^^^^^^^^^^^^^^^
  File ""/workspace/flash-attention/flash_attn/cute/interface.py"", line 614, in _flash_attn_bwd
    assert window_size_left is None and window_size_right is None, ""local not supported yet on 9.x""
           ^^^^^^^^^^^^^^^^^^^^^^^^^^^^^^^^^^^^^^^^^^^^^^^^^^^^^^
AssertionError: local not supported yet on 9.x

stdout: ",,,
gpt_oss,gpt_oss,flash_attention_4,fp8,top_left,2,8192,8192,64,8,64,64,both,False,inf,inf,0.000,0.000,0.000,10,1024,False,"Benchmark failed with return code 1.
stderr: /usr/local/lib/python3.12/dist-packages/torch/library.py:356: UserWarning: Warning only once for all operators,  other operators may also be overridden.
  Overriding a previously registered kernel for the same operator and the same dispatch key
  operator: flash_attn::_flash_attn_backward(Tensor dout, Tensor q, Tensor k, Tensor v, Tensor out, Tensor softmax_lse, Tensor(a6!)? dq, Tensor(a7!)? dk, Tensor(a8!)? dv, float dropout_p, float softmax_scale, bool causal, SymInt window_size_left, SymInt window_size_right, float softcap, Tensor? alibi_slopes, bool deterministic, Tensor? rng_state=None) -> Tensor
    registered at /usr/local/lib/python3.12/dist-packages/torch/_library/custom_ops.py:922
  dispatch key: ADInplaceOrView
  previous kernel: no debug info
       new kernel: registered at /usr/local/lib/python3.12/dist-packages/torch/_library/custom_ops.py:922 (Triggered internally at /opt/pytorch/pytorch/aten/src/ATen/core/dispatch/OperatorEntry.cpp:208.)
  self.m.impl(
Traceback (most recent call last):
  File ""/workspace/cudnn_frontend/benchmark/sdpa_benchmark_training/benchmark_single_sdpa.py"", line 1224, in <module>
    output = sdpa_function(query, key, value)
             ^^^^^^^^^^^^^^^^^^^^^^^^^^^^^^^^
  File ""/workspace/cudnn_frontend/benchmark/sdpa_benchmark_training/benchmark_single_sdpa.py"", line 891, in flash_attention_4_sdpa
    output, _ = flash_attn_interface.flash_attn_func(query, key, value, causal=args.attn_mask != ""no_mask"", window_size=window_size)
                ^^^^^^^^^^^^^^^^^^^^^^^^^^^^^^^^^^^^^^^^^^^^^^^^^^^^^^^^^^^^^^^^^^^^^^^^^^^^^^^^^^^^^^^^^^^^^^^^^^^^^^^^^^^^^^^^^^^^
  File ""/workspace/flash-attention/flash_attn/cute/interface.py"", line 1462, in flash_attn_func
    return FlashAttnFunc.apply(
           ^^^^^^^^^^^^^^^^^^^^
  File ""/usr/local/lib/python3.12/dist-packages/torch/autograd/function.py"", line 583, in apply
    return super().apply(*args, **kwargs)  # type: ignore[misc]
           ^^^^^^^^^^^^^^^^^^^^^^^^^^^^^^
  File ""/workspace/flash-attention/flash_attn/cute/interface.py"", line 1305, in forward
    out, lse = _flash_attn_fwd(
               ^^^^^^^^^^^^^^^^
  File ""/workspace/flash-attention/flash_attn/cute/interface.py"", line 188, in _flash_attn_fwd
    assert q.dtype in [torch.float16, torch.bfloat16], ""inputs must be float16 or bfloat16""
           ^^^^^^^^^^^^^^^^^^^^^^^^^^^^^^^^^^^^^^^^^^
AssertionError: inputs must be float16 or bfloat16

stdout: ",,,
gpt_oss,gpt_oss,cudnn,bfloat16,top_left,2,4096,4096,64,8,64,64,both,False,0.358,1.040,336.000,289.000,0.000,10,1024,True,,NVIDIA H200,1.19.0,92100.000
gpt_oss,gpt_oss,cudnn,fp8,top_left,2,4096,4096,64,8,64,64,both,False,inf,inf,0.000,0.000,0.000,10,1024,False,"Benchmark failed with return code 1.
stderr: Traceback (most recent call last):
  File ""/workspace/cudnn_frontend/benchmark/sdpa_benchmark_training/benchmark_single_sdpa.py"", line 731, in <module>
    graph_bwd.validate()
cudnn._compiled_module.cudnnGraphNotSupportedError: hidden_dim shoud be equal to 128 and hidden_dim should be multiple of 16

stdout: ",,,
gpt_oss,gpt_oss,flash_attention_4,bfloat16,top_left,2,4096,4096,64,8,64,64,both,False,inf,inf,0.000,0.000,0.000,10,1024,False,"Benchmark failed with return code 1.
stderr: /usr/local/lib/python3.12/dist-packages/torch/library.py:356: UserWarning: Warning only once for all operators,  other operators may also be overridden.
  Overriding a previously registered kernel for the same operator and the same dispatch key
  operator: flash_attn::_flash_attn_backward(Tensor dout, Tensor q, Tensor k, Tensor v, Tensor out, Tensor softmax_lse, Tensor(a6!)? dq, Tensor(a7!)? dk, Tensor(a8!)? dv, float dropout_p, float softmax_scale, bool causal, SymInt window_size_left, SymInt window_size_right, float softcap, Tensor? alibi_slopes, bool deterministic, Tensor? rng_state=None) -> Tensor
    registered at /usr/local/lib/python3.12/dist-packages/torch/_library/custom_ops.py:922
  dispatch key: ADInplaceOrView
  previous kernel: no debug info
       new kernel: registered at /usr/local/lib/python3.12/dist-packages/torch/_library/custom_ops.py:922 (Triggered internally at /opt/pytorch/pytorch/aten/src/ATen/core/dispatch/OperatorEntry.cpp:208.)
  self.m.impl(
Traceback (most recent call last):
  File ""/workspace/cudnn_frontend/benchmark/sdpa_benchmark_training/benchmark_single_sdpa.py"", line 1268, in <module>
    output.backward(dOutput)
  File ""/usr/local/lib/python3.12/dist-packages/torch/_tensor.py"", line 629, in backward
    torch.autograd.backward(
  File ""/usr/local/lib/python3.12/dist-packages/torch/autograd/__init__.py"", line 364, in backward
    _engine_run_backward(
  File ""/usr/local/lib/python3.12/dist-packages/torch/autograd/graph.py"", line 865, in _engine_run_backward
    return Variable._execution_engine.run_backward(  # Calls into the C++ engine to run the backward pass
           ^^^^^^^^^^^^^^^^^^^^^^^^^^^^^^^^^^^^^^^^^^^^^^^^^^^^^^^^^^^^^^^^^^^^^^^^^^^^^^^^^^^^^^^^^^^^^^
  File ""/usr/local/lib/python3.12/dist-packages/torch/autograd/function.py"", line 317, in apply
    return user_fn(self, *args)
           ^^^^^^^^^^^^^^^^^^^^
  File ""/workspace/flash-attention/flash_attn/cute/interface.py"", line 1335, in backward
    dq, dk, dv = _flash_attn_bwd(
                 ^^^^^^^^^^^^^^^^
  File ""/workspace/flash-attention/flash_attn/cute/interface.py"", line 614, in _flash_attn_bwd
    assert window_size_left is None and window_size_right is None, ""local not supported yet on 9.x""
           ^^^^^^^^^^^^^^^^^^^^^^^^^^^^^^^^^^^^^^^^^^^^^^^^^^^^^^
AssertionError: local not supported yet on 9.x

stdout: ",,,
gpt_oss,gpt_oss,flash_attention_4,fp8,top_left,2,4096,4096,64,8,64,64,both,False,inf,inf,0.000,0.000,0.000,10,1024,False,"Benchmark failed with return code 1.
stderr: /usr/local/lib/python3.12/dist-packages/torch/library.py:356: UserWarning: Warning only once for all operators,  other operators may also be overridden.
  Overriding a previously registered kernel for the same operator and the same dispatch key
  operator: flash_attn::_flash_attn_backward(Tensor dout, Tensor q, Tensor k, Tensor v, Tensor out, Tensor softmax_lse, Tensor(a6!)? dq, Tensor(a7!)? dk, Tensor(a8!)? dv, float dropout_p, float softmax_scale, bool causal, SymInt window_size_left, SymInt window_size_right, float softcap, Tensor? alibi_slopes, bool deterministic, Tensor? rng_state=None) -> Tensor
    registered at /usr/local/lib/python3.12/dist-packages/torch/_library/custom_ops.py:922
  dispatch key: ADInplaceOrView
  previous kernel: no debug info
       new kernel: registered at /usr/local/lib/python3.12/dist-packages/torch/_library/custom_ops.py:922 (Triggered internally at /opt/pytorch/pytorch/aten/src/ATen/core/dispatch/OperatorEntry.cpp:208.)
  self.m.impl(
Traceback (most recent call last):
  File ""/workspace/cudnn_frontend/benchmark/sdpa_benchmark_training/benchmark_single_sdpa.py"", line 1224, in <module>
    output = sdpa_function(query, key, value)
             ^^^^^^^^^^^^^^^^^^^^^^^^^^^^^^^^
  File ""/workspace/cudnn_frontend/benchmark/sdpa_benchmark_training/benchmark_single_sdpa.py"", line 891, in flash_attention_4_sdpa
    output, _ = flash_attn_interface.flash_attn_func(query, key, value, causal=args.attn_mask != ""no_mask"", window_size=window_size)
                ^^^^^^^^^^^^^^^^^^^^^^^^^^^^^^^^^^^^^^^^^^^^^^^^^^^^^^^^^^^^^^^^^^^^^^^^^^^^^^^^^^^^^^^^^^^^^^^^^^^^^^^^^^^^^^^^^^^^
  File ""/workspace/flash-attention/flash_attn/cute/interface.py"", line 1462, in flash_attn_func
    return FlashAttnFunc.apply(
           ^^^^^^^^^^^^^^^^^^^^
  File ""/usr/local/lib/python3.12/dist-packages/torch/autograd/function.py"", line 583, in apply
    return super().apply(*args, **kwargs)  # type: ignore[misc]
           ^^^^^^^^^^^^^^^^^^^^^^^^^^^^^^
  File ""/workspace/flash-attention/flash_attn/cute/interface.py"", line 1305, in forward
    out, lse = _flash_attn_fwd(
               ^^^^^^^^^^^^^^^^
  File ""/workspace/flash-attention/flash_attn/cute/interface.py"", line 188, in _flash_attn_fwd
    assert q.dtype in [torch.float16, torch.bfloat16], ""inputs must be float16 or bfloat16""
           ^^^^^^^^^^^^^^^^^^^^^^^^^^^^^^^^^^^^^^^^^^
AssertionError: inputs must be float16 or bfloat16

stdout: ",,,
gpt_oss,gpt_oss,cudnn,bfloat16,top_left,2,2048,2048,64,8,64,64,both,False,0.166,0.488,311.000,264.000,0.000,10,1024,True,,NVIDIA H200,1.19.0,92100.000
gpt_oss,gpt_oss,cudnn,fp8,top_left,2,2048,2048,64,8,64,64,both,False,inf,inf,0.000,0.000,0.000,10,1024,False,"Benchmark failed with return code 1.
stderr: Traceback (most recent call last):
  File ""/workspace/cudnn_frontend/benchmark/sdpa_benchmark_training/benchmark_single_sdpa.py"", line 731, in <module>
    graph_bwd.validate()
cudnn._compiled_module.cudnnGraphNotSupportedError: hidden_dim shoud be equal to 128 and hidden_dim should be multiple of 16

stdout: ",,,
gpt_oss,gpt_oss,flash_attention_4,bfloat16,top_left,2,2048,2048,64,8,64,64,both,False,inf,inf,0.000,0.000,0.000,10,1024,False,"Benchmark failed with return code 1.
stderr: /usr/local/lib/python3.12/dist-packages/torch/library.py:356: UserWarning: Warning only once for all operators,  other operators may also be overridden.
  Overriding a previously registered kernel for the same operator and the same dispatch key
  operator: flash_attn::_flash_attn_backward(Tensor dout, Tensor q, Tensor k, Tensor v, Tensor out, Tensor softmax_lse, Tensor(a6!)? dq, Tensor(a7!)? dk, Tensor(a8!)? dv, float dropout_p, float softmax_scale, bool causal, SymInt window_size_left, SymInt window_size_right, float softcap, Tensor? alibi_slopes, bool deterministic, Tensor? rng_state=None) -> Tensor
    registered at /usr/local/lib/python3.12/dist-packages/torch/_library/custom_ops.py:922
  dispatch key: ADInplaceOrView
  previous kernel: no debug info
       new kernel: registered at /usr/local/lib/python3.12/dist-packages/torch/_library/custom_ops.py:922 (Triggered internally at /opt/pytorch/pytorch/aten/src/ATen/core/dispatch/OperatorEntry.cpp:208.)
  self.m.impl(
Traceback (most recent call last):
  File ""/workspace/cudnn_frontend/benchmark/sdpa_benchmark_training/benchmark_single_sdpa.py"", line 1268, in <module>
    output.backward(dOutput)
  File ""/usr/local/lib/python3.12/dist-packages/torch/_tensor.py"", line 629, in backward
    torch.autograd.backward(
  File ""/usr/local/lib/python3.12/dist-packages/torch/autograd/__init__.py"", line 364, in backward
    _engine_run_backward(
  File ""/usr/local/lib/python3.12/dist-packages/torch/autograd/graph.py"", line 865, in _engine_run_backward
    return Variable._execution_engine.run_backward(  # Calls into the C++ engine to run the backward pass
           ^^^^^^^^^^^^^^^^^^^^^^^^^^^^^^^^^^^^^^^^^^^^^^^^^^^^^^^^^^^^^^^^^^^^^^^^^^^^^^^^^^^^^^^^^^^^^^
  File ""/usr/local/lib/python3.12/dist-packages/torch/autograd/function.py"", line 317, in apply
    return user_fn(self, *args)
           ^^^^^^^^^^^^^^^^^^^^
  File ""/workspace/flash-attention/flash_attn/cute/interface.py"", line 1335, in backward
    dq, dk, dv = _flash_attn_bwd(
                 ^^^^^^^^^^^^^^^^
  File ""/workspace/flash-attention/flash_attn/cute/interface.py"", line 614, in _flash_attn_bwd
    assert window_size_left is None and window_size_right is None, ""local not supported yet on 9.x""
           ^^^^^^^^^^^^^^^^^^^^^^^^^^^^^^^^^^^^^^^^^^^^^^^^^^^^^^
AssertionError: local not supported yet on 9.x

stdout: ",,,
gpt_oss,gpt_oss,flash_attention_4,fp8,top_left,2,2048,2048,64,8,64,64,both,False,inf,inf,0.000,0.000,0.000,10,1024,False,"Benchmark failed with return code 1.
stderr: /usr/local/lib/python3.12/dist-packages/torch/library.py:356: UserWarning: Warning only once for all operators,  other operators may also be overridden.
  Overriding a previously registered kernel for the same operator and the same dispatch key
  operator: flash_attn::_flash_attn_backward(Tensor dout, Tensor q, Tensor k, Tensor v, Tensor out, Tensor softmax_lse, Tensor(a6!)? dq, Tensor(a7!)? dk, Tensor(a8!)? dv, float dropout_p, float softmax_scale, bool causal, SymInt window_size_left, SymInt window_size_right, float softcap, Tensor? alibi_slopes, bool deterministic, Tensor? rng_state=None) -> Tensor
    registered at /usr/local/lib/python3.12/dist-packages/torch/_library/custom_ops.py:922
  dispatch key: ADInplaceOrView
  previous kernel: no debug info
       new kernel: registered at /usr/local/lib/python3.12/dist-packages/torch/_library/custom_ops.py:922 (Triggered internally at /opt/pytorch/pytorch/aten/src/ATen/core/dispatch/OperatorEntry.cpp:208.)
  self.m.impl(
Traceback (most recent call last):
  File ""/workspace/cudnn_frontend/benchmark/sdpa_benchmark_training/benchmark_single_sdpa.py"", line 1224, in <module>
    output = sdpa_function(query, key, value)
             ^^^^^^^^^^^^^^^^^^^^^^^^^^^^^^^^
  File ""/workspace/cudnn_frontend/benchmark/sdpa_benchmark_training/benchmark_single_sdpa.py"", line 891, in flash_attention_4_sdpa
    output, _ = flash_attn_interface.flash_attn_func(query, key, value, causal=args.attn_mask != ""no_mask"", window_size=window_size)
                ^^^^^^^^^^^^^^^^^^^^^^^^^^^^^^^^^^^^^^^^^^^^^^^^^^^^^^^^^^^^^^^^^^^^^^^^^^^^^^^^^^^^^^^^^^^^^^^^^^^^^^^^^^^^^^^^^^^^
  File ""/workspace/flash-attention/flash_attn/cute/interface.py"", line 1462, in flash_attn_func
    return FlashAttnFunc.apply(
           ^^^^^^^^^^^^^^^^^^^^
  File ""/usr/local/lib/python3.12/dist-packages/torch/autograd/function.py"", line 583, in apply
    return super().apply(*args, **kwargs)  # type: ignore[misc]
           ^^^^^^^^^^^^^^^^^^^^^^^^^^^^^^
  File ""/workspace/flash-attention/flash_attn/cute/interface.py"", line 1305, in forward
    out, lse = _flash_attn_fwd(
               ^^^^^^^^^^^^^^^^
  File ""/workspace/flash-attention/flash_attn/cute/interface.py"", line 188, in _flash_attn_fwd
    assert q.dtype in [torch.float16, torch.bfloat16], ""inputs must be float16 or bfloat16""
           ^^^^^^^^^^^^^^^^^^^^^^^^^^^^^^^^^^^^^^^^^^
AssertionError: inputs must be float16 or bfloat16

stdout: ",,,
